{"cameraMode":{"drawMode":0,"name":"Shaded","section":"Shading Mode"},"sceneLighting":true,"audioPlay":false,"sceneViewState":{"m_AlwaysRefresh":false,"showFog":true,"showSkybox":true,"showFlares":true,"showImageEffects":true,"showParticleSystems":true,"showVisualEffectGraphs":true,"m_FxEnabled":true},"in2DMode":false,"pivot":{"x":503.13336181640627,"y":274.7641296386719,"z":24.897890090942384},"rotation":{"x":-0.013247554190456868,"y":-0.033302489668130878,"z":0.0013665540609508753,"w":0.9989442825317383},"size":225.41073608398438,"orthographic":false}