{"cameraMode":{"drawMode":0,"name":"Shaded","section":"Shading Mode"},"sceneLighting":true,"audioPlay":false,"sceneViewState":{"m_AlwaysRefresh":false,"showFog":true,"showSkybox":true,"showFlares":true,"showImageEffects":true,"showParticleSystems":true,"showVisualEffectGraphs":true,"m_FxEnabled":true},"in2DMode":false,"pivot":{"x":428.08551025390627,"y":219.8840789794922,"z":95.27226257324219},"rotation":{"x":0.02879425697028637,"y":0.02847977913916111,"z":-0.0008189119980670512,"w":0.9991746544837952},"size":349.97918701171877,"orthographic":false}