{"cameraMode":{"drawMode":0,"name":"Shaded","section":"Shading Mode"},"sceneLighting":true,"audioPlay":false,"sceneViewState":{"m_AlwaysRefresh":false,"showFog":true,"showSkybox":true,"showFlares":true,"showImageEffects":true,"showParticleSystems":true,"showVisualEffectGraphs":true,"m_FxEnabled":true},"in2DMode":false,"pivot":{"x":135.66159057617188,"y":254.7812042236328,"z":-40.10702133178711},"rotation":{"x":0.022754650563001634,"y":-0.016748523339629175,"z":0.002173883141949773,"w":0.9991815686225891},"size":136.08099365234376,"orthographic":false}